Name,SamAccountName,GivenName,Surname,DisplayName,Department,OU,Group,Password,Email,Title,Enabled
Adriano Ferreira,adriano.ferreira,Adriano,Ferreira,Adriano Ferreira,Financeiro,"OU=Users,OU=Financeiro,DC=workgroup,DC=com",Users,P@ssw0rd2024!,adriano.ferreira@workgroup.com,Analista de Financeiro,TRUE
Iris Cardoso,iris.cardoso,Iris,Cardoso,Iris Cardoso,Financeiro,"OU=Users,OU=Financeiro,DC=workgroup,DC=com",Users,P@ssw0rd2024!,iris.cardoso@workgroup.com,Analista de Financeiro,TRUE
Pedro Rodrigues,pedro.rodrigues,Pedro,Rodrigues,Pedro Rodrigues,Financeiro,"OU=Users,OU=Financeiro,DC=workgroup,DC=com",Users,P@ssw0rd2024!,pedro.rodrigues@workgroup.com,Analista de Financeiro,TRUE
Debora Figueiredo,debora.figueiredo,Debora,Figueiredo,Debora Figueiredo,Financeiro,"OU=Users,OU=Financeiro,DC=workgroup,DC=com",Users,P@ssw0rd2024!,debora.figueiredo@workgroup.com,Analista de Financeiro,TRUE
Ursula Teixeira,ursula.teixeira,Ursula,Teixeira,Ursula Teixeira,Financeiro,"OU=Users,OU=Financeiro,DC=workgroup,DC=com",Users,P@ssw0rd2024!,ursula.teixeira@workgroup.com,Analista de Financeiro,TRUE
Bruno Pereira,bruno.pereira,Bruno,Pereira,Bruno Pereira,Financeiro,"OU=Users,OU=Financeiro,DC=workgroup,DC=com",Users,P@ssw0rd2024!,bruno.pereira@workgroup.com,Analista de Financeiro,TRUE
Pedro Azevedo,pedro.azevedo,Pedro,Azevedo,Pedro Azevedo,Financeiro,"OU=Users,OU=Financeiro,DC=workgroup,DC=com",Users,P@ssw0rd2024!,pedro.azevedo@workgroup.com,Analista de Financeiro,TRUE
Sandra Gomes,sandra.gomes,Sandra,Gomes,Sandra Gomes,Contabilidade,"OU=Contabilidade,DC=workgroup,DC=com",Users,P@ssw0rd2024!,sandra.gomes@workgroup.com,Analista de Contabilidade,TRUE
Pedro Freitas,pedro.freitas,Pedro,Freitas,Pedro Freitas,Contabilidade,"OU=Contabilidade,DC=workgroup,DC=com",Users,P@ssw0rd2024!,pedro.freitas@workgroup.com,Analista de Contabilidade,TRUE
Ana Nascimento,ana.nascimento,Ana,Nascimento,Ana Nascimento,Contabilidade,"OU=Contabilidade,DC=workgroup,DC=com",Users,P@ssw0rd2024!,ana.nascimento@workgroup.com,Analista de Contabilidade,TRUE
Beatriz Cardoso,beatriz.cardoso,Beatriz,Cardoso,Beatriz Cardoso,Financeiro,"OU=Users,OU=Financeiro,DC=workgroup,DC=com",Users,P@ssw0rd2024!,beatriz.cardoso@workgroup.com,Analista de Financeiro,TRUE
Olivia Campos,olivia.campos,Olivia,Campos,Olivia Campos,Financeiro,"OU=Users,OU=Financeiro,DC=workgroup,DC=com",Users,P@ssw0rd2024!,olivia.campos@workgroup.com,Analista de Financeiro,TRUE
Fernanda Moreira,fernanda.moreira,Fernanda,Moreira,Fernanda Moreira,Financeiro,"OU=Users,OU=Financeiro,DC=workgroup,DC=com",Users,P@ssw0rd2024!,fernanda.moreira@workgroup.com,Analista de Financeiro,TRUE
Caio Cunha,caio.cunha,Caio,Cunha,Caio Cunha,Contabilidade,"OU=Contabilidade,DC=workgroup,DC=com",Users,P@ssw0rd2024!,caio.cunha@workgroup.com,Analista de Contabilidade,TRUE
Carlos Vieira,carlos.vieira,Carlos,Vieira,Carlos Vieira,Financeiro,"OU=Users,OU=Financeiro,DC=workgroup,DC=com",Users,P@ssw0rd2024!,carlos.vieira@workgroup.com,Analista de Financeiro,TRUE
Enzo Pereira,enzo.pereira,Enzo,Pereira,Enzo Pereira,Contabilidade,"OU=Contabilidade,DC=workgroup,DC=com",Users,P@ssw0rd2024!,enzo.pereira@workgroup.com,Analista de Contabilidade,TRUE
Adriano Machado,adriano.machado,Adriano,Machado,Adriano Machado,Contabilidade,"OU=Contabilidade,DC=workgroup,DC=com",Users,P@ssw0rd2024!,adriano.machado@workgroup.com,Analista de Contabilidade,TRUE
Thiago Gomes,thiago.gomes,Thiago,Gomes,Thiago Gomes,Financeiro,"OU=Users,OU=Financeiro,DC=workgroup,DC=com",Users,P@ssw0rd2024!,thiago.gomes@workgroup.com,Analista de Financeiro,TRUE
Carlos Araujo,carlos.araujo,Carlos,Araujo,Carlos Araujo,Contabilidade,"OU=Contabilidade,DC=workgroup,DC=com",Users,P@ssw0rd2024!,carlos.araujo@workgroup.com,Analista de Contabilidade,TRUE
Fernanda Araujo,fernanda.araujo,Fernanda,Araujo,Fernanda Araujo,Financeiro,"OU=Users,OU=Financeiro,DC=workgroup,DC=com",Users,P@ssw0rd2024!,fernanda.araujo@workgroup.com,Analista de Financeiro,TRUE
Enzo Cardoso,enzo.cardoso,Enzo,Cardoso,Enzo Cardoso,Contabilidade,"OU=Contabilidade,DC=workgroup,DC=com",Users,P@ssw0rd2024!,enzo.cardoso@workgroup.com,Analista de Contabilidade,TRUE
Adriano Pinto,adriano.pinto,Adriano,Pinto,Adriano Pinto,Financeiro,"OU=Users,OU=Financeiro,DC=workgroup,DC=com",Users,P@ssw0rd2024!,adriano.pinto@workgroup.com,Analista de Financeiro,TRUE
Diana Cunha,diana.cunha,Diana,Cunha,Diana Cunha,Financeiro,"OU=Users,OU=Financeiro,DC=workgroup,DC=com",Users,P@ssw0rd2024!,diana.cunha@workgroup.com,Analista de Financeiro,TRUE
Cristiano Cardoso,cristiano.cardoso,Cristiano,Cardoso,Cristiano Cardoso,Financeiro,"OU=Users,OU=Financeiro,DC=workgroup,DC=com",Users,P@ssw0rd2024!,cristiano.cardoso@workgroup.com,Analista de Financeiro,TRUE
Wagner Nascimento,wagner.nascimento,Wagner,Nascimento,Wagner Nascimento,Financeiro,"OU=Users,OU=Financeiro,DC=workgroup,DC=com",Users,P@ssw0rd2024!,wagner.nascimento@workgroup.com,Analista de Financeiro,TRUE
Lucas Vieira,lucas.vieira,Lucas,Vieira,Lucas Vieira,Contabilidade,"OU=Contabilidade,DC=workgroup,DC=com",Users,P@ssw0rd2024!,lucas.vieira@workgroup.com,Analista de Contabilidade,TRUE
Tatiana Andrade,tatiana.andrade,Tatiana,Andrade,Tatiana Andrade,Financeiro,"OU=Users,OU=Financeiro,DC=workgroup,DC=com",Users,P@ssw0rd2024!,tatiana.andrade@workgroup.com,Analista de Financeiro,TRUE
Debora Castro,debora.castro,Debora,Castro,Debora Castro,Financeiro,"OU=Users,OU=Financeiro,DC=workgroup,DC=com",Users,P@ssw0rd2024!,debora.castro@workgroup.com,Analista de Financeiro,TRUE
Pedro Oliveira,pedro.oliveira,Pedro,Oliveira,Pedro Oliveira,Contabilidade,"OU=Contabilidade,DC=workgroup,DC=com",Users,P@ssw0rd2024!,pedro.oliveira@workgroup.com,Analista de Contabilidade,TRUE
Flavia Cardoso,flavia.cardoso,Flavia,Cardoso,Flavia Cardoso,Financeiro,"OU=Users,OU=Financeiro,DC=workgroup,DC=com",Users,P@ssw0rd2024!,flavia.cardoso@workgroup.com,Analista de Financeiro,TRUE
Olivia Correia,olivia.correia,Olivia,Correia,Olivia Correia,Contabilidade,"OU=Contabilidade,DC=workgroup,DC=com",Users,P@ssw0rd2024!,olivia.correia@workgroup.com,Analista de Contabilidade,TRUE
Olivia Marques,olivia.marques,Olivia,Marques,Olivia Marques,Contabilidade,"OU=Contabilidade,DC=workgroup,DC=com",Users,P@ssw0rd2024!,olivia.marques@workgroup.com,Analista de Contabilidade,TRUE
Bianca Vieira,bianca.vieira,Bianca,Vieira,Bianca Vieira,Financeiro,"OU=Users,OU=Financeiro,DC=workgroup,DC=com",Users,P@ssw0rd2024!,bianca.vieira@workgroup.com,Analista de Financeiro,TRUE
Samuel Rodrigues,samuel.rodrigues,Samuel,Rodrigues,Samuel Rodrigues,Financeiro,"OU=Users,OU=Financeiro,DC=workgroup,DC=com",Users,P@ssw0rd2024!,samuel.rodrigues@workgroup.com,Analista de Financeiro,TRUE
Iris Andrade,iris.andrade,Iris,Andrade,Iris Andrade,Contabilidade,"OU=Contabilidade,DC=workgroup,DC=com",Users,P@ssw0rd2024!,iris.andrade@workgroup.com,Analista de Contabilidade,TRUE
Iris Xavier,iris.xavier,Iris,Xavier,Iris Xavier,Contabilidade,"OU=Contabilidade,DC=workgroup,DC=com",Users,P@ssw0rd2024!,iris.xavier@workgroup.com,Analista de Contabilidade,TRUE
Ursula Nunes,ursula.nunes,Ursula,Nunes,Ursula Nunes,Contabilidade,"OU=Contabilidade,DC=workgroup,DC=com",Users,P@ssw0rd2024!,ursula.nunes@workgroup.com,Analista de Contabilidade,TRUE
Nathan Marques,nathan.marques,Nathan,Marques,Nathan Marques,Financeiro,"OU=Users,OU=Financeiro,DC=workgroup,DC=com",Users,P@ssw0rd2024!,nathan.marques@workgroup.com,Analista de Financeiro,TRUE
Jorge Souza,jorge.souza,Jorge,Souza,Jorge Souza,Financeiro,"OU=Users,OU=Financeiro,DC=workgroup,DC=com",Users,P@ssw0rd2024!,jorge.souza@workgroup.com,Analista de Financeiro,TRUE
Julia Nascimento,julia.nascimento,Julia,Nascimento,Julia Nascimento,Contabilidade,"OU=Contabilidade,DC=workgroup,DC=com",Users,P@ssw0rd2024!,julia.nascimento@workgroup.com,Analista de Contabilidade,TRUE
Wagner Lima,wagner.lima,Wagner,Lima,Wagner Lima,Contabilidade,"OU=Contabilidade,DC=workgroup,DC=com",Users,P@ssw0rd2024!,wagner.lima@workgroup.com,Analista de Contabilidade,TRUE
Enzo Borges,enzo.borges,Enzo,Borges,Enzo Borges,Contabilidade,"OU=Contabilidade,DC=workgroup,DC=com",Users,P@ssw0rd2024!,enzo.borges@workgroup.com,Analista de Contabilidade,TRUE
Patricia Ribeiro,patricia.ribeiro,Patricia,Ribeiro,Patricia Ribeiro,Financeiro,"OU=Users,OU=Financeiro,DC=workgroup,DC=com",Users,P@ssw0rd2024!,patricia.ribeiro@workgroup.com,Analista de Financeiro,TRUE
Debora Ferreira,debora.ferreira,Debora,Ferreira,Debora Ferreira,Contabilidade,"OU=Contabilidade,DC=workgroup,DC=com",Users,P@ssw0rd2024!,debora.ferreira@workgroup.com,Analista de Contabilidade,TRUE
Larissa Campos,larissa.campos,Larissa,Campos,Larissa Campos,Financeiro,"OU=Users,OU=Financeiro,DC=workgroup,DC=com",Users,P@ssw0rd2024!,larissa.campos@workgroup.com,Analista de Financeiro,TRUE
Vitor Teixeira,vitor.teixeira,Vitor,Teixeira,Vitor Teixeira,Financeiro,"OU=Users,OU=Financeiro,DC=workgroup,DC=com",Users,P@ssw0rd2024!,vitor.teixeira@workgroup.com,Analista de Financeiro,TRUE
Karina Silva,karina.silva,Karina,Silva,Karina Silva,Contabilidade,"OU=Contabilidade,DC=workgroup,DC=com",Users,P@ssw0rd2024!,karina.silva@workgroup.com,Analista de Contabilidade,TRUE
Nathan Carvalho,nathan.carvalho,Nathan,Carvalho,Nathan Carvalho,Financeiro,"OU=Users,OU=Financeiro,DC=workgroup,DC=com",Users,P@ssw0rd2024!,nathan.carvalho@workgroup.com,Analista de Financeiro,TRUE
Adriano Mendes,adriano.mendes,Adriano,Mendes,Adriano Mendes,Financeiro,"OU=Users,OU=Financeiro,DC=workgroup,DC=com",Users,P@ssw0rd2024!,adriano.mendes@workgroup.com,Analista de Financeiro,TRUE
Julia Pinto,julia.pinto,Julia,Pinto,Julia Pinto,Financeiro,"OU=Users,OU=Financeiro,DC=workgroup,DC=com",Users,P@ssw0rd2024!,julia.pinto@workgroup.com,Analista de Financeiro,TRUE
Rafael Monteiro,rafael.monteiro,Rafael,Monteiro,Rafael Monteiro,Financeiro,"OU=Users,OU=Financeiro,DC=workgroup,DC=com",Users,P@ssw0rd2024!,rafael.monteiro@workgroup.com,Analista de Financeiro,TRUE
Wagner Castro,wagner.castro,Wagner,Castro,Wagner Castro,Contabilidade,"OU=Contabilidade,DC=workgroup,DC=com",Users,P@ssw0rd2024!,wagner.castro@workgroup.com,Analista de Contabilidade,TRUE
Bruno Ferreira,bruno.ferreira,Bruno,Ferreira,Bruno Ferreira,Contabilidade,"OU=Contabilidade,DC=workgroup,DC=com",Users,P@ssw0rd2024!,bruno.ferreira@workgroup.com,Analista de Contabilidade,TRUE
Yasmin Barbosa,yasmin.barbosa,Yasmin,Barbosa,Yasmin Barbosa,Financeiro,"OU=Users,OU=Financeiro,DC=workgroup,DC=com",Users,P@ssw0rd2024!,yasmin.barbosa@workgroup.com,Analista de Financeiro,TRUE
Rafaela Correia,rafaela.correia,Rafaela,Correia,Rafaela Correia,Financeiro,"OU=Users,OU=Financeiro,DC=workgroup,DC=com",Users,P@ssw0rd2024!,rafaela.correia@workgroup.com,Analista de Financeiro,TRUE
Fernanda Marques,fernanda.marques,Fernanda,Marques,Fernanda Marques,Financeiro,"OU=Users,OU=Financeiro,DC=workgroup,DC=com",Users,P@ssw0rd2024!,fernanda.marques@workgroup.com,Analista de Financeiro,TRUE
Jorge Figueiredo,jorge.figueiredo,Jorge,Figueiredo,Jorge Figueiredo,Financeiro,"OU=Users,OU=Financeiro,DC=workgroup,DC=com",Users,P@ssw0rd2024!,jorge.figueiredo@workgroup.com,Analista de Financeiro,TRUE
Igor Fonseca,igor.fonseca,Igor,Fonseca,Igor Fonseca,Financeiro,"OU=Users,OU=Financeiro,DC=workgroup,DC=com",Users,P@ssw0rd2024!,igor.fonseca@workgroup.com,Analista de Financeiro,TRUE
Samuel Monteiro,samuel.monteiro,Samuel,Monteiro,Samuel Monteiro,Contabilidade,"OU=Contabilidade,DC=workgroup,DC=com",Users,P@ssw0rd2024!,samuel.monteiro@workgroup.com,Analista de Contabilidade,TRUE
Olivia Figueiredo,olivia.figueiredo,Olivia,Figueiredo,Olivia Figueiredo,Financeiro,"OU=Users,OU=Financeiro,DC=workgroup,DC=com",Users,P@ssw0rd2024!,olivia.figueiredo@workgroup.com,Analista de Financeiro,TRUE
Fabiola Mendes,fabiola.mendes,Fabiola,Mendes,Fabiola Mendes,Contabilidade,"OU=Contabilidade,DC=workgroup,DC=com",Users,P@ssw0rd2024!,fabiola.mendes@workgroup.com,Analista de Contabilidade,TRUE
Cristiano Pinto,cristiano.pinto,Cristiano,Pinto,Cristiano Pinto,Contabilidade,"OU=Contabilidade,DC=workgroup,DC=com",Users,P@ssw0rd2024!,cristiano.pinto@workgroup.com,Analista de Contabilidade,TRUE
Patricia Freitas,patricia.freitas,Patricia,Freitas,Patricia Freitas,Financeiro,"OU=Users,OU=Financeiro,DC=workgroup,DC=com",Users,P@ssw0rd2024!,patricia.freitas@workgroup.com,Analista de Financeiro,TRUE
Rafaela Araujo,rafaela.araujo,Rafaela,Araujo,Rafaela Araujo,Financeiro,"OU=Users,OU=Financeiro,DC=workgroup,DC=com",Users,P@ssw0rd2024!,rafaela.araujo@workgroup.com,Analista de Financeiro,TRUE
Beatriz Santos,beatriz.santos,Beatriz,Santos,Beatriz Santos,Financeiro,"OU=Users,OU=Financeiro,DC=workgroup,DC=com",Users,P@ssw0rd2024!,beatriz.santos@workgroup.com,Analista de Financeiro,TRUE
Ursula Araujo,ursula.araujo,Ursula,Araujo,Ursula Araujo,Financeiro,"OU=Users,OU=Financeiro,DC=workgroup,DC=com",Users,P@ssw0rd2024!,ursula.araujo@workgroup.com,Analista de Financeiro,TRUE
Eduardo Souza,eduardo.souza,Eduardo,Souza,Eduardo Souza,Financeiro,"OU=Users,OU=Financeiro,DC=workgroup,DC=com",Users,P@ssw0rd2024!,eduardo.souza@workgroup.com,Analista de Financeiro,TRUE
Eduardo Oliveira,eduardo.oliveira,Eduardo,Oliveira,Eduardo Oliveira,Contabilidade,"OU=Contabilidade,DC=workgroup,DC=com",Users,P@ssw0rd2024!,eduardo.oliveira@workgroup.com,Analista de Contabilidade,TRUE
Eduardo Azevedo,eduardo.azevedo,Eduardo,Azevedo,Eduardo Azevedo,Financeiro,"OU=Users,OU=Financeiro,DC=workgroup,DC=com",Users,P@ssw0rd2024!,eduardo.azevedo@workgroup.com,Analista de Financeiro,TRUE
Tatiana Marques,tatiana.marques,Tatiana,Marques,Tatiana Marques,Financeiro,"OU=Users,OU=Financeiro,DC=workgroup,DC=com",Users,P@ssw0rd2024!,tatiana.marques@workgroup.com,Analista de Financeiro,TRUE
Rafael Rodrigues,rafael.rodrigues,Rafael,Rodrigues,Rafael Rodrigues,Contabilidade,"OU=Contabilidade,DC=workgroup,DC=com",Users,P@ssw0rd2024!,rafael.rodrigues@workgroup.com,Analista de Contabilidade,TRUE
Rafaela Fonseca,rafaela.fonseca,Rafaela,Fonseca,Rafaela Fonseca,Contabilidade,"OU=Contabilidade,DC=workgroup,DC=com",Users,P@ssw0rd2024!,rafaela.fonseca@workgroup.com,Analista de Contabilidade,TRUE
Nicolas Costa,nicolas.costa,Nicolas,Costa,Nicolas Costa,Financeiro,"OU=Users,OU=Financeiro,DC=workgroup,DC=com",Users,P@ssw0rd2024!,nicolas.costa@workgroup.com,Analista de Financeiro,TRUE
Cristiano Teixeira,cristiano.teixeira,Cristiano,Teixeira,Cristiano Teixeira,Contabilidade,"OU=Contabilidade,DC=workgroup,DC=com",Users,P@ssw0rd2024!,cristiano.teixeira@workgroup.com,Analista de Contabilidade,TRUE
Isabela Cavalcanti,isabela.cavalcanti,Isabela,Cavalcanti,Isabela Cavalcanti,Contabilidade,"OU=Contabilidade,DC=workgroup,DC=com",Users,P@ssw0rd2024!,isabela.cavalcanti@workgroup.com,Analista de Contabilidade,TRUE
Henrique Souza,henrique.souza,Henrique,Souza,Henrique Souza,Financeiro,"OU=Users,OU=Financeiro,DC=workgroup,DC=com",Users,P@ssw0rd2024!,henrique.souza@workgroup.com,Analista de Financeiro,TRUE
Daniela Nunes,daniela.nunes,Daniela,Nunes,Daniela Nunes,Contabilidade,"OU=Contabilidade,DC=workgroup,DC=com",Users,P@ssw0rd2024!,daniela.nunes@workgroup.com,Analista de Contabilidade,TRUE
Gabriel Barbosa,gabriel.barbosa,Gabriel,Barbosa,Gabriel Barbosa,Financeiro,"OU=Users,OU=Financeiro,DC=workgroup,DC=com",Users,P@ssw0rd2024!,gabriel.barbosa@workgroup.com,Analista de Financeiro,TRUE
Nicolas Figueiredo,nicolas.figueiredo,Nicolas,Figueiredo,Nicolas Figueiredo,Contabilidade,"OU=Contabilidade,DC=workgroup,DC=com",Users,P@ssw0rd2024!,nicolas.figueiredo@workgroup.com,Analista de Contabilidade,TRUE
Igor Teixeira,igor.teixeira,Igor,Teixeira,Igor Teixeira,Financeiro,"OU=Users,OU=Financeiro,DC=workgroup,DC=com",Users,P@ssw0rd2024!,igor.teixeira@workgroup.com,Analista de Financeiro,TRUE
Tatiana Vieira,tatiana.vieira,Tatiana,Vieira,Tatiana Vieira,Financeiro,"OU=Users,OU=Financeiro,DC=workgroup,DC=com",Users,P@ssw0rd2024!,tatiana.vieira@workgroup.com,Analista de Financeiro,TRUE
Eduardo Freitas,eduardo.freitas,Eduardo,Freitas,Eduardo Freitas,Financeiro,"OU=Users,OU=Financeiro,DC=workgroup,DC=com",Users,P@ssw0rd2024!,eduardo.freitas@workgroup.com,Analista de Financeiro,TRUE
Daniela Figueiredo,daniela.figueiredo,Daniela,Figueiredo,Daniela Figueiredo,Financeiro,"OU=Users,OU=Financeiro,DC=workgroup,DC=com",Users,P@ssw0rd2024!,daniela.figueiredo@workgroup.com,Analista de Financeiro,TRUE
Fernanda Barbosa,fernanda.barbosa,Fernanda,Barbosa,Fernanda Barbosa,Financeiro,"OU=Users,OU=Financeiro,DC=workgroup,DC=com",Users,P@ssw0rd2024!,fernanda.barbosa@workgroup.com,Analista de Financeiro,TRUE
Gustavo Marques,gustavo.marques,Gustavo,Marques,Gustavo Marques,Contabilidade,"OU=Contabilidade,DC=workgroup,DC=com",Users,P@ssw0rd2024!,gustavo.marques@workgroup.com,Analista de Contabilidade,TRUE
Olivia Nunes,olivia.nunes,Olivia,Nunes,Olivia Nunes,Financeiro,"OU=Users,OU=Financeiro,DC=workgroup,DC=com",Users,P@ssw0rd2024!,olivia.nunes@workgroup.com,Analista de Financeiro,TRUE
Lucas Moreira,lucas.moreira,Lucas,Moreira,Lucas Moreira,Financeiro,"OU=Users,OU=Financeiro,DC=workgroup,DC=com",Users,P@ssw0rd2024!,lucas.moreira@workgroup.com,Analista de Financeiro,TRUE
Enzo Ribeiro,enzo.ribeiro,Enzo,Ribeiro,Enzo Ribeiro,Contabilidade,"OU=Contabilidade,DC=workgroup,DC=com",Users,P@ssw0rd2024!,enzo.ribeiro@workgroup.com,Analista de Contabilidade,TRUE
Elias Andrade,elias.andrade,Elias,Andrade,Elias Andrade,Contabilidade,"OU=Contabilidade,DC=workgroup,DC=com",Users,P@ssw0rd2024!,elias.andrade@workgroup.com,Analista de Contabilidade,TRUE
Julia Gomes,julia.gomes,Julia,Gomes,Julia Gomes,Contabilidade,"OU=Contabilidade,DC=workgroup,DC=com",Users,P@ssw0rd2024!,julia.gomes@workgroup.com,Analista de Contabilidade,TRUE
Olivia Souza,olivia.souza,Olivia,Souza,Olivia Souza,Financeiro,"OU=Users,OU=Financeiro,DC=workgroup,DC=com",Users,P@ssw0rd2024!,olivia.souza@workgroup.com,Analista de Financeiro,TRUE
Iris Castro,iris.castro,Iris,Castro,Iris Castro,Financeiro,"OU=Users,OU=Financeiro,DC=workgroup,DC=com",Users,P@ssw0rd2024!,iris.castro@workgroup.com,Analista de Financeiro,TRUE
Daniela Xavier,daniela.xavier,Daniela,Xavier,Daniela Xavier,Contabilidade,"OU=Contabilidade,DC=workgroup,DC=com",Users,P@ssw0rd2024!,daniela.xavier@workgroup.com,Analista de Contabilidade,TRUE
Nathan Monteiro,nathan.monteiro,Nathan,Monteiro,Nathan Monteiro,Financeiro,"OU=Users,OU=Financeiro,DC=workgroup,DC=com",Users,P@ssw0rd2024!,nathan.monteiro@workgroup.com,Analista de Financeiro,TRUE
Daniela Azevedo,daniela.azevedo,Daniela,Azevedo,Daniela Azevedo,Financeiro,"OU=Users,OU=Financeiro,DC=workgroup,DC=com",Users,P@ssw0rd2024!,daniela.azevedo@workgroup.com,Analista de Financeiro,TRUE
Mariana Lima,mariana.lima,Mariana,Lima,Mariana Lima,Financeiro,"OU=Users,OU=Financeiro,DC=workgroup,DC=com",Users,P@ssw0rd2024!,mariana.lima@workgroup.com,Analista de Financeiro,TRUE
Debora Barbosa,debora.barbosa,Debora,Barbosa,Debora Barbosa,Contabilidade,"OU=Contabilidade,DC=workgroup,DC=com",Users,P@ssw0rd2024!,debora.barbosa@workgroup.com,Analista de Contabilidade,TRUE
Helena Correia,helena.correia,Helena,Correia,Helena Correia,Financeiro,"OU=Users,OU=Financeiro,DC=workgroup,DC=com",Users,P@ssw0rd2024!,helena.correia@workgroup.com,Analista de Financeiro,TRUE
Ursula Borges,ursula.borges,Ursula,Borges,Ursula Borges,Financeiro,"OU=Users,OU=Financeiro,DC=workgroup,DC=com",Users,P@ssw0rd2024!,ursula.borges@workgroup.com,Analista de Financeiro,TRUE
Ximena Pereira,ximena.pereira,Ximena,Pereira,Ximena Pereira,Contabilidade,"OU=Contabilidade,DC=workgroup,DC=com",Users,P@ssw0rd2024!,ximena.pereira@workgroup.com,Analista de Contabilidade,TRUE
